<?xml version="1.0" encoding="UTF-8"?>
<project-private xmlns="http://www.netbeans.org/ns/project-private/1">
    <editor-bookmarks xmlns="http://www.netbeans.org/ns/editor-bookmarks/2" lastBookmarkId="0"/>
    <open-files xmlns="http://www.netbeans.org/ns/projectui-open-files/2">
        <group>
            <file>file:/C:/Users/boylo/Documents/NetBeansProjects/Projectsem4/RaovatSem4/web/layouts/featureds.jsp</file>
            <file>file:/C:/Users/boylo/Documents/NetBeansProjects/Projectsem4/RaovatSem4/web/layouts/my/pricing.jsp</file>
            <file>file:/C:/Users/boylo/Documents/NetBeansProjects/Projectsem4/RaovatSem4/web/layouts/my/my-profile.jsp</file>
            <file>file:/C:/Users/boylo/Documents/NetBeansProjects/Projectsem4/RaovatSem4/web/layouts/header.jsp</file>
            <file>file:/C:/Users/boylo/Documents/NetBeansProjects/Projectsem4/RaovatSem4/src/java/struts.xml</file>
            <file>file:/C:/Users/boylo/Documents/NetBeansProjects/Projectsem4/RaovatSem4/web/my-profile.jsp</file>
            <file>file:/C:/Users/boylo/Documents/NetBeansProjects/Projectsem4/RaovatSem4/src/java/model/test.java</file>
            <file>file:/C:/Users/boylo/Documents/NetBeansProjects/Projectsem4/RaovatSem4/src/java/model/DataProcess.java</file>
            <file>file:/C:/Users/boylo/Documents/NetBeansProjects/Projectsem4/RaovatSem4/web/layouts/my/profile.jsp</file>
            <file>file:/C:/Users/boylo/Documents/NetBeansProjects/Projectsem4/RaovatSem4/src/java/app/getdataAction.java</file>
            <file>file:/C:/Users/boylo/Documents/NetBeansProjects/Projectsem4/RaovatSem4/src/java/entity/user.java</file>
        </group>
    </open-files>
</project-private>
