<!DOCTYPE struts PUBLIC
"-//Apache Software Foundation//DTD Struts Configuration 2.0//EN"
"http://struts.apache.org/dtds/struts-2.0.dtd">

<struts>
    <!-- Configuration for the default package. -->
    <package name="default" extends="struts-default">
        <action name="login" class="app.loginAction">
            <result name="success">/my-profile.jsp</result>
            <result name="failed">/signin.jsp</result>
        </action>
        <action name="register" class="app.registerAction">
            <result name="success">/signin.jsp</result>
            <result name="failed">/signup.jsp</result>
        </action>
        <action name="getall" class="app.getdataAction" method="getAll">
             <result name="success">/categories.jsp</result>
        </action>
          <action name="getalloff" class="app.getdataAction" method="getAlloff">
             <result name="success">/admintest.jsp</result>
        </action>
         <action name="duyet" class="app.adminAction" method="duyettin">
             <result name="success" type="chain">admin</result>
        </action>
        <action name="getlistacc" class="app.getdataAction" method="getlistacc">
             <result name="success">/my-ads.jsp</result>
        </action>
         <action name="details" class="app.getdataAction" method="getbyid">
             <result name="success">/details.jsp</result>
        </action>
         <action name="updateacc" class="app.getdataAction" method="updateacc">
             <result name="success">my-profile.jsp</result>
        </action>
        <action name="admin" class="app.adminAction" method="admin">
             <result name="success">index.jsp</result>
        </action>
         <action name="search" class="app.getdataAction" method="search">
             <result name="success">/searchresult.jsp</result>
        </action>
         <action name="post" class="app.postAction">         
            <interceptor-ref name="fileUpload">
                <param name="maximumSize">2097152</param>
                <param name="allowedTypes">
                    image/png,image/gif,image/jpeg,image/pjpeg
                </param>
            </interceptor-ref>
            <interceptor-ref name="defaultStack"></interceptor-ref>
            <result name="success">index.jsp</result>
            <result name="input">index.jsp</result>
            <result name="error">error.jsp</result>
        </action>
         <action name="upload" class="app.testAction">
             <param name="saveDirectory">D:\upload</param>
            <interceptor-ref name="fileUpload">
                <param name="maximumSize">2097152</param>
                <param name="allowedTypes">
                    image/png,image/gif,image/jpeg,image/pjpeg
                </param>
            </interceptor-ref>
            <interceptor-ref name="defaultStack"></interceptor-ref>
            <interceptor-ref name="staticParams"></interceptor-ref>
            <interceptor-ref name="workflow"></interceptor-ref>
            <result name="success">index.jsp</result>
            <result name="input">index.jsp</result>
            <result name="error">error.jsp</result>
        </action>
    </package>
</struts>
